op,bytes,provider,backend,trial,wall_ns_per_iter
parse_e2e,1024,oracle,1,15565.2
parse_e2e,1024,scalar,1,41784.3
parse_e2e,1024,avx2,1,31912.7
parse_e2e,1024,avx512,1,26292.3
parse_e2e,1024,avx512,2,26109.5
parse_e2e,1024,avx2,2,26047.4
parse_e2e,1024,scalar,2,25535.1
parse_e2e,1024,oracle,2,11407.1
parse_e2e,1024,oracle,3,11481.4
parse_e2e,1024,scalar,3,25819.7
parse_e2e,1024,avx2,3,25921.4
parse_e2e,1024,avx512,3,25966.5
parse_e2e,1024,avx512,4,26023.8
parse_e2e,1024,avx2,4,26010.4
parse_e2e,1024,scalar,4,25227.7
parse_e2e,1024,oracle,4,11496.8
parse_e2e,1024,oracle,5,11510.9
parse_e2e,1024,scalar,5,25690.9
parse_e2e,1024,avx2,5,25279.0
parse_e2e,1024,avx512,5,26111.7
parse_e2e,1024,avx512,6,26124.5
parse_e2e,1024,avx2,6,26027.2
parse_e2e,1024,scalar,6,25864.0
parse_e2e,1024,oracle,6,11474.4
parse_e2e,1024,oracle,7,11313.7
parse_e2e,1024,scalar,7,25343.3
parse_e2e,1024,avx2,7,26020.8
parse_e2e,1024,avx512,7,26104.4
parse_ctx_reuse,1024,oracle,1,10084.3
parse_ctx_reuse,1024,scalar,1,25959.2
parse_ctx_reuse,1024,avx2,1,26130.8
parse_ctx_reuse,1024,avx512,1,26133.6
parse_ctx_reuse,1024,avx512,2,25551.9
parse_ctx_reuse,1024,avx2,2,26100.8
parse_ctx_reuse,1024,scalar,2,25463.7
parse_ctx_reuse,1024,oracle,2,10051.7
parse_ctx_reuse,1024,oracle,3,9966.8
parse_ctx_reuse,1024,scalar,3,26115.2
parse_ctx_reuse,1024,avx2,3,26246.8
parse_ctx_reuse,1024,avx512,3,26174.5
parse_ctx_reuse,1024,avx512,4,26216.0
parse_ctx_reuse,1024,avx2,4,26390.9
parse_ctx_reuse,1024,scalar,4,25972.2
parse_ctx_reuse,1024,oracle,4,9872.8
parse_ctx_reuse,1024,oracle,5,10012.3
parse_ctx_reuse,1024,scalar,5,25848.6
parse_ctx_reuse,1024,avx2,5,25380.6
parse_ctx_reuse,1024,avx512,5,26097.7
parse_ctx_reuse,1024,avx512,6,26231.1
parse_ctx_reuse,1024,avx2,6,26104.2
parse_ctx_reuse,1024,scalar,6,25743.4
parse_ctx_reuse,1024,oracle,6,9954.7
parse_ctx_reuse,1024,oracle,7,10072.2
parse_ctx_reuse,1024,scalar,7,26151.2
parse_ctx_reuse,1024,avx2,7,26231.5
parse_ctx_reuse,1024,avx512,7,26451.3
parse_e2e,16384,oracle,1,130537.6
parse_e2e,16384,scalar,1,346790.3
parse_e2e,16384,avx2,1,347979.2
parse_e2e,16384,avx512,1,350587.0
parse_e2e,16384,avx512,2,347001.3
parse_e2e,16384,avx2,2,344868.2
parse_e2e,16384,scalar,2,346685.5
parse_e2e,16384,oracle,2,130491.1
parse_e2e,16384,oracle,3,131167.0
parse_e2e,16384,scalar,3,343457.9
parse_e2e,16384,avx2,3,343745.5
parse_e2e,16384,avx512,3,357653.3
parse_e2e,16384,avx512,4,348192.7
parse_e2e,16384,avx2,4,344534.1
parse_e2e,16384,scalar,4,343928.0
parse_e2e,16384,oracle,4,130314.8
parse_e2e,16384,oracle,5,131102.3
parse_e2e,16384,scalar,5,350284.4
parse_e2e,16384,avx2,5,345700.6
parse_e2e,16384,avx512,5,338162.4
parse_e2e,16384,avx512,6,345982.9
parse_e2e,16384,avx2,6,342766.8
parse_e2e,16384,scalar,6,342600.4
parse_e2e,16384,oracle,6,130062.7
parse_e2e,16384,oracle,7,129350.2
parse_e2e,16384,scalar,7,338118.0
parse_e2e,16384,avx2,7,334836.1
parse_e2e,16384,avx512,7,346767.8
parse_ctx_reuse,16384,oracle,1,128683.3
parse_ctx_reuse,16384,scalar,1,342891.8
parse_ctx_reuse,16384,avx2,1,346514.5
parse_ctx_reuse,16384,avx512,1,345420.7
parse_ctx_reuse,16384,avx512,2,344577.9
parse_ctx_reuse,16384,avx2,2,344358.7
parse_ctx_reuse,16384,scalar,2,341900.0
parse_ctx_reuse,16384,oracle,2,126603.8
parse_ctx_reuse,16384,oracle,3,127454.9
parse_ctx_reuse,16384,scalar,3,342688.0
parse_ctx_reuse,16384,avx2,3,342973.0
parse_ctx_reuse,16384,avx512,3,338807.5
parse_ctx_reuse,16384,avx512,4,345518.2
parse_ctx_reuse,16384,avx2,4,345353.6
parse_ctx_reuse,16384,scalar,4,333689.8
parse_ctx_reuse,16384,oracle,4,128595.6
parse_ctx_reuse,16384,oracle,5,127870.8
parse_ctx_reuse,16384,scalar,5,332119.7
parse_ctx_reuse,16384,avx2,5,345680.0
parse_ctx_reuse,16384,avx512,5,339257.3
parse_ctx_reuse,16384,avx512,6,349623.6
parse_ctx_reuse,16384,avx2,6,347328.9
parse_ctx_reuse,16384,scalar,6,345032.7
parse_ctx_reuse,16384,oracle,6,126083.5
parse_ctx_reuse,16384,oracle,7,127223.9
parse_ctx_reuse,16384,scalar,7,342442.8
parse_ctx_reuse,16384,avx2,7,345254.7
parse_ctx_reuse,16384,avx512,7,347541.1
parse_e2e,131072,oracle,1,1037152.8
parse_e2e,131072,scalar,1,2664222.5
parse_e2e,131072,avx2,1,2638225.0
parse_e2e,131072,avx512,1,2636807.8
parse_e2e,131072,avx512,2,2653170.4
parse_e2e,131072,avx2,2,2566341.6
parse_e2e,131072,scalar,2,2628141.9
parse_e2e,131072,oracle,2,1018994.6
parse_e2e,131072,oracle,3,1022152.0
parse_e2e,131072,scalar,3,2626413.4
parse_e2e,131072,avx2,3,2630521.4
parse_e2e,131072,avx512,3,2657963.6
parse_e2e,131072,avx512,4,2615081.5
parse_e2e,131072,avx2,4,2638097.6
parse_e2e,131072,scalar,4,2618780.5
parse_e2e,131072,oracle,4,1011599.4
parse_e2e,131072,oracle,5,1017723.7
parse_e2e,131072,scalar,5,2620867.6
parse_e2e,131072,avx2,5,2611980.4
parse_e2e,131072,avx512,5,2628426.0
parse_e2e,131072,avx512,6,2702317.5
parse_e2e,131072,avx2,6,2641657.1
parse_e2e,131072,scalar,6,2662803.0
parse_e2e,131072,oracle,6,1028595.1
parse_e2e,131072,oracle,7,1017306.5
parse_e2e,131072,scalar,7,2636832.8
parse_e2e,131072,avx2,7,2629068.7
parse_e2e,131072,avx512,7,2599893.5
parse_ctx_reuse,131072,oracle,1,1061954.7
parse_ctx_reuse,131072,scalar,1,2647586.2
parse_ctx_reuse,131072,avx2,1,2662504.4
parse_ctx_reuse,131072,avx512,1,2665583.6
parse_ctx_reuse,131072,avx512,2,2602073.3
parse_ctx_reuse,131072,avx2,2,2637267.6
parse_ctx_reuse,131072,scalar,2,2657540.0
parse_ctx_reuse,131072,oracle,2,1018087.0
parse_ctx_reuse,131072,oracle,3,1013672.6
parse_ctx_reuse,131072,scalar,3,2676178.6
parse_ctx_reuse,131072,avx2,3,2654065.9
parse_ctx_reuse,131072,avx512,3,2659676.4
parse_ctx_reuse,131072,avx512,4,2639778.2
parse_ctx_reuse,131072,avx2,4,2660995.3
parse_ctx_reuse,131072,scalar,4,2618486.0
parse_ctx_reuse,131072,oracle,4,1010336.6
parse_ctx_reuse,131072,oracle,5,1010699.1
parse_ctx_reuse,131072,scalar,5,2607589.9
parse_ctx_reuse,131072,avx2,5,2633462.3
parse_ctx_reuse,131072,avx512,5,2642425.9
parse_ctx_reuse,131072,avx512,6,2661453.5
parse_ctx_reuse,131072,avx2,6,2646443.7
parse_ctx_reuse,131072,scalar,6,2620043.8
parse_ctx_reuse,131072,oracle,6,1015890.8
parse_ctx_reuse,131072,oracle,7,1026372.8
parse_ctx_reuse,131072,scalar,7,2612311.4
parse_ctx_reuse,131072,avx2,7,2651206.8
parse_ctx_reuse,131072,avx512,7,2659973.5
parse_e2e,1048576,oracle,1,7894790.6
parse_e2e,1048576,scalar,1,20441644.7
parse_e2e,1048576,avx2,1,20368951.1
parse_e2e,1048576,avx512,1,20623662.4
parse_e2e,1048576,avx512,2,20638566.2
parse_e2e,1048576,avx2,2,19964256.0
parse_e2e,1048576,scalar,2,20625705.2
parse_e2e,1048576,oracle,2,7959867.0
parse_e2e,1048576,oracle,3,7782108.3
parse_e2e,1048576,scalar,3,20572040.1
parse_e2e,1048576,avx2,3,20135275.0
parse_e2e,1048576,avx512,3,20775220.2
parse_e2e,1048576,avx512,4,19989277.6
parse_e2e,1048576,avx2,4,20552220.1
parse_e2e,1048576,scalar,4,20454772.3
parse_e2e,1048576,oracle,4,7831833.1
parse_e2e,1048576,oracle,5,7856807.6
parse_e2e,1048576,scalar,5,20540706.5
parse_e2e,1048576,avx2,5,20940260.1
parse_e2e,1048576,avx512,5,20853182.7
parse_e2e,1048576,avx512,6,20499673.0
parse_e2e,1048576,avx2,6,20415635.2
parse_e2e,1048576,scalar,6,20314554.6
parse_e2e,1048576,oracle,6,7874895.4
parse_e2e,1048576,oracle,7,7877735.7
parse_e2e,1048576,scalar,7,20740947.2
parse_e2e,1048576,avx2,7,20476354.5
parse_e2e,1048576,avx512,7,20988772.6
parse_ctx_reuse,1048576,oracle,1,7937396.1
parse_ctx_reuse,1048576,scalar,1,20510420.1
parse_ctx_reuse,1048576,avx2,1,20127650.9
parse_ctx_reuse,1048576,avx512,1,20332310.7
parse_ctx_reuse,1048576,avx512,2,19853232.8
parse_ctx_reuse,1048576,avx2,2,20579232.5
parse_ctx_reuse,1048576,scalar,2,20125823.4
parse_ctx_reuse,1048576,oracle,2,7903347.5
parse_ctx_reuse,1048576,oracle,3,7723257.4
parse_ctx_reuse,1048576,scalar,3,21153777.6
parse_ctx_reuse,1048576,avx2,3,20551329.4
parse_ctx_reuse,1048576,avx512,3,20540502.3
parse_ctx_reuse,1048576,avx512,4,20629109.6
parse_ctx_reuse,1048576,avx2,4,19593507.2
parse_ctx_reuse,1048576,scalar,4,20722436.7
parse_ctx_reuse,1048576,oracle,4,7791207.3
parse_ctx_reuse,1048576,oracle,5,7829358.4
parse_ctx_reuse,1048576,scalar,5,20716482.6
parse_ctx_reuse,1048576,avx2,5,20880863.3
parse_ctx_reuse,1048576,avx512,5,20406162.5
parse_ctx_reuse,1048576,avx512,6,20193066.9
parse_ctx_reuse,1048576,avx2,6,19837971.3
parse_ctx_reuse,1048576,scalar,6,20439948.6
parse_ctx_reuse,1048576,oracle,6,7921983.3
parse_ctx_reuse,1048576,oracle,7,7848471.1
parse_ctx_reuse,1048576,scalar,7,20854324.8
parse_ctx_reuse,1048576,avx2,7,20956807.1
parse_ctx_reuse,1048576,avx512,7,20902829.3
parse_e2e,8388608,oracle,1,79656771.1
parse_e2e,8388608,scalar,1,178852576.7
parse_e2e,8388608,avx2,1,175813681.1
parse_e2e,8388608,avx512,1,181105529.5
parse_e2e,8388608,avx512,2,189024946.0
parse_e2e,8388608,avx2,2,181513202.2
parse_e2e,8388608,scalar,2,180465107.4
parse_e2e,8388608,oracle,2,86546876.8
parse_e2e,8388608,oracle,3,87499837.1
parse_e2e,8388608,scalar,3,181150756.8
parse_e2e,8388608,avx2,3,180289574.8
parse_e2e,8388608,avx512,3,185034572.9
parse_e2e,8388608,avx512,4,179622299.7
parse_e2e,8388608,avx2,4,186149746.7
parse_e2e,8388608,scalar,4,171860471.1
parse_e2e,8388608,oracle,4,72783662.8
parse_e2e,8388608,oracle,5,77407726.2
parse_e2e,8388608,scalar,5,181289932.3
parse_e2e,8388608,avx2,5,175574078.6
parse_e2e,8388608,avx512,5,168575838.0
parse_e2e,8388608,avx512,6,168997761.3
parse_e2e,8388608,avx2,6,164609314.5
parse_e2e,8388608,scalar,6,164427816.8
parse_e2e,8388608,oracle,6,81152554.0
parse_e2e,8388608,oracle,7,86214630.6
parse_e2e,8388608,scalar,7,177088855.0
parse_e2e,8388608,avx2,7,180176349.2
parse_e2e,8388608,avx512,7,167535286.2
parse_ctx_reuse,8388608,oracle,1,76361318.6
parse_ctx_reuse,8388608,scalar,1,180333807.9
parse_ctx_reuse,8388608,avx2,1,173791933.9
parse_ctx_reuse,8388608,avx512,1,177972041.9
parse_ctx_reuse,8388608,avx512,2,179310280.0
parse_ctx_reuse,8388608,avx2,2,174517950.5
parse_ctx_reuse,8388608,scalar,2,179155959.0
parse_ctx_reuse,8388608,oracle,2,75483783.0
parse_ctx_reuse,8388608,oracle,3,74973589.0
parse_ctx_reuse,8388608,scalar,3,183414282.9
parse_ctx_reuse,8388608,avx2,3,171221875.0
parse_ctx_reuse,8388608,avx512,3,171104061.3
parse_ctx_reuse,8388608,avx512,4,172537692.3
parse_ctx_reuse,8388608,avx2,4,182740464.5
parse_ctx_reuse,8388608,scalar,4,181214602.2
parse_ctx_reuse,8388608,oracle,4,74073597.6
parse_ctx_reuse,8388608,oracle,5,74857432.2
parse_ctx_reuse,8388608,scalar,5,167734262.2
parse_ctx_reuse,8388608,avx2,5,168501649.1
parse_ctx_reuse,8388608,avx512,5,168991143.4
parse_ctx_reuse,8388608,avx512,6,174205496.3
parse_ctx_reuse,8388608,avx2,6,165025671.9
parse_ctx_reuse,8388608,scalar,6,171051795.5
parse_ctx_reuse,8388608,oracle,6,76245355.0
parse_ctx_reuse,8388608,oracle,7,75482484.4
parse_ctx_reuse,8388608,scalar,7,168220414.1
parse_ctx_reuse,8388608,avx2,7,163731258.4
parse_ctx_reuse,8388608,avx512,7,169531826.1
