shape,bytes,mode,threads,best_ns,mb_per_s,speedup_vs_off1,efficiency,cycles_per_byte,rss_kib
one_comment,262144,off,1,59742,4184.7,1.000,1.000,1.0939,3920
one_comment,262144,on,1,121236,2062.1,0.493,0.493,2.2199,3884
one_comment,262144,on,2,52268,4783.0,1.143,0.571,0.9571,3920
one_comment,262144,on,4,55023,4543.6,1.086,0.271,1.0075,4100
one_comment,262144,on,8,45685,5472.3,1.307,0.163,0.8365,4020
one_comment,262144,on,16,61835,4043.0,0.966,0.060,1.1322,4120
one_comment,262144,auto,1,73817,3386.8,0.809,0.809,1.3516,3812
one_comment,262144,auto,2,52588,4753.9,1.136,0.568,0.9629,3948
one_comment,262144,auto,4,55654,4492.0,1.073,0.268,1.0191,3804
one_comment,262144,auto,8,44383,5632.8,1.346,0.168,0.8127,3872
one_comment,262144,auto,16,52528,4759.4,1.137,0.071,0.9618,4480
one_comment,1048576,off,1,254414,3930.6,1.003,1.003,1.1646,6276
one_comment,1048576,on,1,349051,2864.9,0.731,0.731,1.5978,6228
one_comment,1048576,on,2,166540,6004.6,1.532,0.766,0.7624,5968
one_comment,1048576,on,4,151502,6600.6,1.684,0.421,0.6935,6208
one_comment,1048576,on,8,118751,8421.0,2.149,0.269,0.5436,6280
one_comment,1048576,on,16,141324,7075.9,1.806,0.113,0.6469,6196
one_comment,1048576,auto,1,271826,3678.8,0.939,0.939,1.2443,6260
one_comment,1048576,auto,2,166190,6017.2,1.536,0.768,0.7608,6292
one_comment,1048576,auto,4,142275,7028.6,1.794,0.448,0.6513,6172
one_comment,1048576,auto,8,124311,8044.3,2.053,0.257,0.5691,6092
one_comment,1048576,auto,16,140842,7100.2,1.812,0.113,0.6447,6216
one_comment,4194304,off,1,1004332,3982.7,1.021,1.021,1.1494,15484
one_comment,4194304,on,1,1014801,3941.7,1.010,1.010,1.1613,15532
one_comment,4194304,on,2,617190,6481.0,1.661,0.831,0.7063,15360
one_comment,4194304,on,4,484513,8255.7,2.116,0.529,0.5545,15516
one_comment,4194304,on,8,416436,9605.3,2.462,0.308,0.4766,15400
one_comment,4194304,on,16,435171,9191.8,2.356,0.147,0.4980,15584
one_comment,4194304,auto,1,1058744,3778.1,0.968,0.968,1.2116,15328
one_comment,4194304,auto,2,624804,6402.0,1.641,0.821,0.7150,15428
one_comment,4194304,auto,4,451271,8863.9,2.272,0.568,0.5164,15504
one_comment,4194304,auto,8,413791,9666.7,2.478,0.310,0.4735,15416
one_comment,4194304,auto,16,421415,9491.8,2.433,0.152,0.4823,15364
one_comment,16777216,off,1,4270871,3746.3,1.015,1.015,1.2219,52312
one_comment,16777216,on,1,7717315,2073.3,0.562,0.562,2.2079,52308
one_comment,16777216,on,2,2530076,6323.9,1.713,0.857,0.7239,52336
one_comment,16777216,on,4,1980061,8080.6,2.189,0.547,0.5665,52172
one_comment,16777216,on,8,1571509,10181.3,2.758,0.345,0.4496,52412
one_comment,16777216,on,16,1426329,11217.6,3.039,0.190,0.4081,52484
one_comment,16777216,auto,1,4284516,3734.4,1.012,1.012,1.2258,52328
one_comment,16777216,auto,2,2365729,6763.2,1.832,0.916,0.6768,52420
one_comment,16777216,auto,4,1814783,8816.5,2.389,0.597,0.5192,52400
one_comment,16777216,auto,8,1600884,9994.5,2.708,0.338,0.4580,52372
one_comment,16777216,auto,16,1558626,10265.5,2.781,0.174,0.4459,52432
one_comment,67108864,off,1,25378445,2521.8,1.021,1.021,1.8152,199776
one_comment,67108864,on,1,25265094,2533.1,1.026,1.026,1.8071,199800
one_comment,67108864,on,2,18379229,3482.2,1.410,0.705,1.3146,199860
one_comment,67108864,on,4,16428482,3895.7,1.578,0.394,1.1751,199820
one_comment,67108864,on,8,15366934,4164.8,1.687,0.211,1.0991,199844
one_comment,67108864,on,16,15237702,4200.1,1.701,0.106,1.0899,200204
one_comment,67108864,auto,1,26357130,2428.2,0.983,0.983,1.8852,199656
one_comment,67108864,auto,2,17863567,3582.7,1.451,0.726,1.2777,199776
one_comment,67108864,auto,4,16797089,3810.2,1.543,0.386,1.2014,199924
one_comment,67108864,auto,8,15186658,4214.2,1.707,0.213,1.0862,199952
one_comment,67108864,auto,16,14494758,4415.4,1.788,0.112,1.0367,200052
many_comment,262144,off,1,71733,3485.1,1.007,1.007,1.3135,3584
many_comment,262144,on,1,146854,1702.4,0.492,0.492,2.6890,3660
many_comment,262144,on,2,79848,3130.9,0.904,0.452,1.4621,3680
many_comment,262144,on,4,85539,2922.6,0.844,0.211,1.5663,3720
many_comment,262144,on,8,93815,2664.8,0.770,0.096,1.7178,3628
many_comment,262144,on,16,92382,2706.2,0.782,0.049,1.6916,3852
many_comment,262144,auto,1,71403,3501.3,1.011,1.011,1.3074,3536
many_comment,262144,auto,2,72395,3453.3,0.997,0.499,1.3256,3608
many_comment,262144,auto,4,72084,3468.2,1.002,0.250,1.3199,3812
many_comment,262144,auto,8,72014,3471.5,1.003,0.125,1.3186,3600
many_comment,262144,auto,16,72996,3424.8,0.989,0.062,1.3366,3752
many_comment,1048576,off,1,348479,2869.6,0.995,0.995,1.5952,5100
many_comment,1048576,on,1,386531,2587.1,0.897,0.897,1.7694,5168
many_comment,1048576,on,2,300631,3326.3,1.153,0.577,1.3762,5148
many_comment,1048576,on,4,279822,3573.7,1.239,0.310,1.2809,5220
many_comment,1048576,on,8,214389,4664.4,1.617,0.202,0.9814,5268
many_comment,1048576,on,16,230780,4333.1,1.502,0.094,1.0564,5156
many_comment,1048576,auto,1,333933,2994.6,1.038,1.038,1.5286,5292
many_comment,1048576,auto,2,284791,3511.3,1.217,0.609,1.3037,5292
many_comment,1048576,auto,4,274733,3639.9,1.262,0.315,1.2576,5436
many_comment,1048576,auto,8,253563,3943.8,1.367,0.171,1.1607,5164
many_comment,1048576,auto,16,233846,4276.3,1.483,0.093,1.0705,5348
many_comment,4194304,off,1,1405931,2845.1,1.004,1.004,1.6090,11284
many_comment,4194304,on,1,2299526,1739.5,0.614,0.614,2.6316,11472
many_comment,4194304,on,2,1116000,3584.2,1.264,0.632,1.2772,11500
many_comment,4194304,on,4,1056970,3784.4,1.335,0.334,1.2096,11404
many_comment,4194304,on,8,934752,4279.2,1.510,0.189,1.0697,11460
many_comment,4194304,on,16,847580,4719.3,1.665,0.104,0.9700,11612
many_comment,4194304,auto,1,1396783,2863.7,1.010,1.010,1.5985,11432
many_comment,4194304,auto,2,1135917,3521.4,1.242,0.621,1.3000,11476
many_comment,4194304,auto,4,1132020,3533.5,1.246,0.312,1.2955,11476
many_comment,4194304,auto,8,943328,4240.3,1.496,0.187,1.0796,11528
many_comment,4194304,auto,16,838072,4772.9,1.684,0.105,0.9591,11592
many_comment,16777216,off,1,6217339,2573.4,0.995,0.995,1.7788,36528
many_comment,16777216,on,1,9918318,1613.2,0.623,0.623,2.8377,36428
many_comment,16777216,on,2,5213829,3068.8,1.186,0.593,1.4917,36472
many_comment,16777216,on,4,4659345,3434.0,1.327,0.332,1.3330,36460
many_comment,16777216,on,8,4179761,3828.0,1.479,0.185,1.1958,36600
many_comment,16777216,on,16,3928713,4072.6,1.574,0.098,1.1240,36724
many_comment,16777216,auto,1,6175421,2590.9,1.001,1.001,1.7668,36412
many_comment,16777216,auto,2,4948063,3233.6,1.250,0.625,1.4157,36576
many_comment,16777216,auto,4,4979011,3213.5,1.242,0.310,1.4245,36420
many_comment,16777216,auto,8,4261664,3754.4,1.451,0.181,1.2193,36276
many_comment,16777216,auto,16,3959110,4041.3,1.562,0.098,1.1327,36504
many_comment,67108864,off,1,28710095,2229.2,0.986,0.986,2.0535,136264
many_comment,67108864,on,1,34121762,1875.6,0.830,0.830,2.4406,136212
many_comment,67108864,on,2,22394574,2857.8,1.264,0.632,1.6018,136496
many_comment,67108864,on,4,17891249,3577.2,1.582,0.396,1.2797,136276
many_comment,67108864,on,8,18160411,3524.1,1.559,0.195,1.2989,136384
many_comment,67108864,on,16,17535155,3649.8,1.615,0.101,1.2542,136564
many_comment,67108864,auto,1,27442683,2332.1,1.032,1.032,1.9629,136156
many_comment,67108864,auto,2,21036221,3042.4,1.346,0.673,1.5046,136424
many_comment,67108864,auto,4,19684552,3251.3,1.438,0.360,1.4079,136340
many_comment,67108864,auto,8,18579262,3444.7,1.524,0.190,1.3289,136336
many_comment,67108864,auto,16,17223484,3715.9,1.644,0.103,1.2319,136672
one_cdata,262144,off,1,84968,2942.3,1.006,1.006,1.5558,3716
one_cdata,262144,on,1,91431,2734.3,0.934,0.934,1.6742,3644
one_cdata,262144,on,2,72916,3428.6,1.172,0.586,1.3351,3616
one_cdata,262144,on,4,73998,3378.5,1.155,0.289,1.3549,3848
one_cdata,262144,on,8,86491,2890.5,0.988,0.123,1.5837,3616
one_cdata,262144,on,16,95327,2622.6,0.896,0.056,1.7455,3808
one_cdata,262144,auto,1,99125,2522.1,0.862,0.862,1.8150,3684
one_cdata,262144,auto,2,73627,3395.5,1.160,0.580,1.3482,3728
one_cdata,262144,auto,4,68738,3637.0,1.243,0.311,1.2586,3552
one_cdata,262144,auto,8,84417,2961.5,1.012,0.127,1.5457,3536
one_cdata,262144,auto,16,83145,3006.8,1.028,0.064,1.5224,3860
one_cdata,1048576,off,1,352868,2833.9,1.000,1.000,1.6153,5128
one_cdata,1048576,on,1,349090,2864.6,1.011,1.011,1.5980,5088
one_cdata,1048576,on,2,249756,4003.9,1.413,0.706,1.1433,5208
one_cdata,1048576,on,4,227955,4386.8,1.548,0.387,1.0435,5280
one_cdata,1048576,on,8,226683,4411.4,1.556,0.195,1.0377,5192
one_cdata,1048576,on,16,208388,4798.7,1.693,0.106,0.9539,5092
one_cdata,1048576,auto,1,377945,2645.9,0.933,0.933,1.7301,5100
one_cdata,1048576,auto,2,262128,3814.9,1.346,0.673,1.1999,5216
one_cdata,1048576,auto,4,243854,4100.8,1.447,0.362,1.1163,5272
one_cdata,1048576,auto,8,260476,3839.1,1.354,0.169,1.1924,5224
one_cdata,1048576,auto,16,211294,4732.7,1.670,0.104,0.9672,5220
one_cdata,4194304,off,1,1060377,3772.2,0.931,0.931,1.2135,11372
one_cdata,4194304,on,1,972482,4113.2,1.015,1.015,1.1129,11364
one_cdata,4194304,on,2,575743,6947.5,1.715,0.857,0.6589,11472
one_cdata,4194304,on,4,456992,8752.9,2.160,0.540,0.5230,11444
one_cdata,4194304,on,8,390548,10242.0,2.528,0.316,0.4469,11364
one_cdata,4194304,on,16,370360,10800.3,2.665,0.167,0.4238,11544
one_cdata,4194304,auto,1,1054896,3791.8,0.936,0.936,1.2072,11396
one_cdata,4194304,auto,2,569592,7022.6,1.733,0.867,0.6518,11328
one_cdata,4194304,auto,4,596021,6711.2,1.656,0.414,0.6821,11436
one_cdata,4194304,auto,8,370601,10793.3,2.664,0.333,0.4241,11416
one_cdata,4194304,auto,16,413801,9666.5,2.386,0.149,0.4736,11468
one_cdata,16777216,off,1,4091847,3910.2,1.010,1.010,1.1707,35952
one_cdata,16777216,on,1,3730724,4288.7,1.108,1.108,1.0674,35976
one_cdata,16777216,on,2,2113760,7569.4,1.955,0.978,0.6048,35988
one_cdata,16777216,on,4,1584383,10098.6,2.609,0.652,0.4533,36012
one_cdata,16777216,on,8,1296356,12342.3,3.188,0.399,0.3709,36152
one_cdata,16777216,on,16,1324770,12077.6,3.120,0.195,0.3790,36252
one_cdata,16777216,auto,1,4059237,3941.6,1.018,1.018,1.1614,36024
one_cdata,16777216,auto,2,2112107,7575.4,1.957,0.978,0.6043,35912
one_cdata,16777216,auto,4,1555710,10284.7,2.657,0.664,0.4451,36052
one_cdata,16777216,auto,8,1308920,12223.8,3.158,0.395,0.3745,36156
one_cdata,16777216,auto,16,1211088,13211.3,3.413,0.213,0.3465,36224
one_cdata,67108864,off,1,19595285,3266.1,0.995,0.995,1.4016,134332
one_cdata,67108864,on,1,18368709,3484.2,1.061,1.061,1.3138,134412
one_cdata,67108864,on,2,11563314,5534.7,1.685,0.843,0.8271,134400
one_cdata,67108864,on,4,9372090,6828.8,2.079,0.520,0.6703,134492
one_cdata,67108864,on,8,7200121,8888.7,2.707,0.338,0.5150,134564
one_cdata,67108864,on,16,6731688,9507.3,2.895,0.181,0.4815,134524
one_cdata,67108864,auto,1,19493806,3283.1,1.000,1.000,1.3943,134280
one_cdata,67108864,auto,2,11424956,5601.8,1.706,0.853,0.8172,134344
one_cdata,67108864,auto,4,8408935,7611.0,2.317,0.579,0.6015,134528
one_cdata,67108864,auto,8,7055852,9070.5,2.762,0.345,0.5047,134400
one_cdata,67108864,auto,16,6821695,9381.8,2.857,0.179,0.4879,134824
many_cdata,262144,off,1,78526,3183.7,0.996,0.996,1.4379,3812
many_cdata,262144,on,1,93975,2660.3,0.832,0.832,1.7207,3740
many_cdata,262144,on,2,75370,3317.0,1.038,0.519,1.3801,3724
many_cdata,262144,on,4,79048,3162.6,0.989,0.247,1.4474,3724
many_cdata,262144,on,8,71092,3516.6,1.100,0.138,1.3017,3592
many_cdata,262144,on,16,83496,2994.2,0.937,0.059,1.5289,3600
many_cdata,262144,auto,1,75070,3330.2,1.042,1.042,1.3746,3660
many_cdata,262144,auto,2,75370,3317.0,1.038,0.519,1.3801,3656
many_cdata,262144,auto,4,76032,3288.1,1.029,0.257,1.3922,3652
many_cdata,262144,auto,8,75260,3321.8,1.039,0.130,1.3781,3656
many_cdata,262144,auto,16,75330,3318.7,1.038,0.065,1.3793,3544
many_cdata,1048576,off,1,333883,2995.1,1.006,1.006,1.5284,5160
many_cdata,1048576,on,1,334303,2991.3,1.004,1.004,1.5303,5128
many_cdata,1048576,on,2,240228,4162.7,1.398,0.699,1.0997,5220
many_cdata,1048576,on,4,219099,4564.1,1.532,0.383,1.0030,5300
many_cdata,1048576,on,8,217976,4587.7,1.540,0.193,0.9978,5272
many_cdata,1048576,on,16,209891,4764.4,1.600,0.100,0.9608,5400
many_cdata,1048576,auto,1,327381,3054.5,1.026,1.026,1.4986,5068
many_cdata,1048576,auto,2,243975,4098.8,1.376,0.688,1.1168,5280
many_cdata,1048576,auto,4,215542,4639.5,1.558,0.389,0.9867,5384
many_cdata,1048576,auto,8,210442,4751.9,1.595,0.199,0.9633,5148
many_cdata,1048576,auto,16,216023,4629.1,1.554,0.097,0.9889,5488
many_cdata,4194304,off,1,1350868,2961.1,1.030,1.030,1.5459,11308
many_cdata,4194304,on,1,1342603,2979.3,1.036,1.036,1.5365,11420
many_cdata,4194304,on,2,935063,4277.8,1.488,0.744,1.0701,11384
many_cdata,4194304,on,4,803778,4976.5,1.731,0.433,0.9199,11400
many_cdata,4194304,on,8,750128,5332.4,1.855,0.232,0.8585,11336
many_cdata,4194304,on,16,759064,5269.6,1.833,0.115,0.8687,11648
many_cdata,4194304,auto,1,1333997,2998.5,1.043,1.043,1.5266,11304
many_cdata,4194304,auto,2,936145,4272.8,1.486,0.743,1.0713,11472
many_cdata,4194304,auto,4,799490,5003.2,1.741,0.435,0.9149,11372
many_cdata,4194304,auto,8,793139,5043.3,1.754,0.219,0.9077,11476
many_cdata,4194304,auto,16,750869,5327.2,1.853,0.116,0.8593,11548
many_cdata,16777216,off,1,6180490,2588.8,0.985,0.985,1.7683,35964
many_cdata,16777216,on,1,8979468,1781.8,0.678,0.678,2.5690,36048
many_cdata,16777216,on,2,4099722,3902.7,1.485,0.743,1.1729,36004
many_cdata,16777216,on,4,3432859,4660.8,1.774,0.443,0.9821,36060
many_cdata,16777216,on,8,3159309,5064.4,1.928,0.241,0.9039,36228
many_cdata,16777216,on,16,3126227,5118.0,1.948,0.122,0.8944,36376
many_cdata,16777216,auto,1,5904005,2710.0,1.031,1.031,1.6891,36192
many_cdata,16777216,auto,2,3899368,4103.2,1.562,0.781,1.1156,36028
many_cdata,16777216,auto,4,3412662,4688.4,1.784,0.446,0.9764,35992
many_cdata,16777216,auto,8,3332863,4800.7,1.827,0.228,0.9535,36084
many_cdata,16777216,auto,16,3111229,5142.7,1.957,0.122,0.8901,36376
many_cdata,67108864,off,1,25910988,2470.0,0.973,0.973,1.8533,134416
many_cdata,67108864,on,1,27896069,2294.2,0.903,0.903,1.9953,134544
many_cdata,67108864,on,2,17305527,3698.2,1.456,0.728,1.2378,134536
many_cdata,67108864,on,4,14232730,4496.7,1.771,0.443,1.0180,134476
many_cdata,67108864,on,8,15005300,4265.2,1.680,0.210,1.0733,134416
many_cdata,67108864,on,16,14201291,4506.6,1.775,0.111,1.0158,134504
many_cdata,67108864,auto,1,26934075,2376.2,0.936,0.936,1.9265,134296
many_cdata,67108864,auto,2,18911251,3384.2,1.333,0.666,1.3526,134384
many_cdata,67108864,auto,4,15369409,4164.1,1.640,0.410,1.0993,134360
many_cdata,67108864,auto,8,14048537,4555.6,1.794,0.224,1.0048,134444
many_cdata,67108864,auto,16,13279473,4819.5,1.898,0.119,0.9498,134612
long_text,262144,off,1,8596,29083.3,1.009,1.009,0.1574,3808
long_text,262144,on,1,20559,12160.1,0.422,0.422,0.3764,4104
long_text,262144,on,2,12844,19464.3,0.675,0.338,0.2352,4024
long_text,262144,on,4,14638,17078.8,0.593,0.148,0.2680,3996
long_text,262144,on,8,17733,14098.0,0.489,0.061,0.3247,3952
long_text,262144,on,16,22352,11184.7,0.388,0.024,0.4093,3988
long_text,262144,auto,1,8957,27911.1,0.969,0.969,0.1640,4000
long_text,262144,auto,2,9037,27664.0,0.960,0.480,0.1655,4008
long_text,262144,auto,4,8977,27848.9,0.966,0.242,0.1644,3972
long_text,262144,auto,8,8837,28290.1,0.982,0.123,0.1618,3944
long_text,262144,auto,16,8936,27976.7,0.971,0.061,0.1636,3864
long_text,1048576,off,1,50614,19757.4,0.988,0.988,0.2317,6328
long_text,1048576,on,1,94526,10579.1,0.529,0.529,0.4327,6504
long_text,1048576,on,2,251008,3983.9,0.199,0.100,1.1490,6316
long_text,1048576,on,4,53690,18625.4,0.932,0.233,0.2458,6220
long_text,1048576,on,8,57507,17389.2,0.870,0.109,0.2632,6220
long_text,1048576,on,16,66554,15025.4,0.751,0.047,0.3047,6384
long_text,1048576,auto,1,50644,19745.7,0.988,0.988,0.2318,6320
long_text,1048576,auto,2,50484,19808.3,0.991,0.495,0.2311,6156
long_text,1048576,auto,4,50524,19792.6,0.990,0.247,0.2313,6244
long_text,1048576,auto,8,50494,19804.3,0.990,0.124,0.2311,6312
long_text,1048576,auto,16,50785,19690.9,0.985,0.062,0.2325,6312
long_text,4194304,off,1,206255,19393.5,0.998,0.998,0.2360,15320
long_text,4194304,on,1,321089,12457.6,0.641,0.641,0.3675,19660
long_text,4194304,on,2,659660,6063.7,0.312,0.156,0.7549,15496
long_text,4194304,on,4,197158,20288.3,1.044,0.261,0.2256,15492
long_text,4194304,on,8,170758,23425.0,1.206,0.151,0.1954,15424
long_text,4194304,on,16,188541,21215.5,1.092,0.068,0.2158,15660
long_text,4194304,auto,1,204732,19537.7,1.006,1.006,0.2343,15492
long_text,4194304,auto,2,205182,19494.9,1.003,0.502,0.2348,15316
long_text,4194304,auto,4,203730,19633.8,1.011,0.253,0.2332,15356
long_text,4194304,auto,8,204611,19549.3,1.006,0.126,0.2342,15468
long_text,4194304,auto,16,186578,21438.8,1.104,0.069,0.2135,15496
long_text,16777216,off,1,808828,19781.7,0.948,0.948,0.2314,52400
long_text,16777216,on,1,2102539,7609.8,0.365,0.365,0.6015,68992
long_text,16777216,on,2,1401061,11419.9,0.547,0.274,0.4008,52192
long_text,16777216,on,4,937909,17059.2,0.817,0.204,0.2683,68976
long_text,16777216,on,8,723509,22114.4,1.060,0.132,0.2070,52196
long_text,16777216,on,16,723589,22112.0,1.060,0.066,0.2070,52592
long_text,16777216,auto,1,821922,19466.6,0.933,0.933,0.2352,52284
long_text,16777216,auto,2,822583,19450.9,0.932,0.466,0.2353,52300
long_text,16777216,auto,4,824156,19413.8,0.930,0.233,0.2358,52192
long_text,16777216,auto,8,761740,21004.5,1.007,0.126,0.2179,52136
long_text,16777216,auto,16,758413,21096.7,1.011,0.063,0.2170,52164
long_text,67108864,off,1,19610634,3263.5,0.688,0.688,1.4027,199652
long_text,67108864,on,1,16107214,3973.4,0.838,0.838,1.1521,200120
long_text,67108864,on,2,12890828,4964.8,1.047,0.524,0.9220,199808
long_text,67108864,on,4,15086391,4242.2,0.895,0.224,1.0791,199908
long_text,67108864,on,8,14253739,4490.0,0.947,0.118,1.0195,200096
long_text,67108864,on,16,14541456,4401.2,0.928,0.058,1.0401,200204
long_text,67108864,auto,1,13684157,4676.9,0.986,0.986,0.9788,199672
long_text,67108864,auto,2,13194254,4850.6,1.023,0.512,0.9437,199844
long_text,67108864,auto,4,12781214,5007.3,1.056,0.264,0.9142,199744
long_text,67108864,auto,8,12708699,5035.9,1.062,0.133,0.9090,199740
long_text,67108864,auto,16,12702017,5038.6,1.063,0.066,0.9085,199772
